id_spatial,Long,Lat,Island,Coral,CCA,Turf,Macro,Other,Grazers,Scrapers,Browsers,Predators,Secondary,Effluent,Sedimentation,New_Development,Habitat_Modification,Invasive_Algae,Fishing_Comm_Total,Fishing_NonComm_Boat_Total,Fishing_NonComm_Shore_Line,Fishing_NonComm_Shore_Net,Fishing_NonComm_Shore_Spear,SST_CLIM_M,SST_STD,CHL_CLIM_M,CHL_ANOM_F,PAR_CLIM_M,PAR_STD,WAV_CLIM_M,WAV_ANOM_F,Human_Population,Regime
21,-157.2670544,21.08289425,Molokai,54.5,5.6,16.3,7.3,15.9,3.444471308,10.67217865,0.018985024,6.912800068,5.548407493,0,0.20129385,0.0008023,0,0,0.0138169,0.42125165,0,0,0.26107475,27.394,0.945199,0.085500002,0.124499999,54.46559906,9.267299652,10.60278606,0.100527003,0,5
30,-157.2574754,21.08174343,Molokai,56.82303809,1.393745106,37.94434727,1.745823653,0.696872606,4.408297352,2.721341383,0.235773324,2.452587663,10.3650568,0,0.0898536,0.0009134,0,0,0.0138169,0.4263403,0,0,0.3154373,27.394,0.945199,0.085500002,0.124499999,54.46559906,9.267299652,9.067265,0.124974,0,5
33,-157.1254232,21.08252689,Molokai,60.55984558,6.534749049,24.8069498,3.117760617,3.928571408,4.557078328,33.40324659,0,12.30643732,10.73972325,0,0,0,0,0,0.0168928,0.5165344,0,0,0.0373022,27.314,0.914067,0.110200003,0.140300006,55.00619888,9.106599808,15.154779,0.07608,0,5
80,-156.9737568,21.0578069,Molokai,55.01436778,2.420977027,18.36446362,19.35823757,2.41858234,2.933245859,4.806215206,0.617267181,7.179759543,5.123953847,2546.479248,0.016832,0.0003233,0,0,0.0168928,0.5910611,0,0,0.0999129,27.247,0.902208,0.154599994,0.0889,55.71749878,9.361300468,1.83896,0.060906,3244.727051,5
91,-156.9898741,20.77514935,Lanai,17.48586545,3.118786357,64.86579152,3.525317293,10.50343293,7.92707114,8.713702842,2.789906565,3.284417785,19.10898535,0,3.5813062,0.0259527,0,0,0.0580965,0.1694143,0,0,0.5466148,27.62599945,0.926355004,0.0766,0.094899997,53.69810104,8.772100449,8.637352943,0.085142002,0,5
106,-156.9472848,21.0487106,Molokai,49.30778685,4.299754285,38.02683803,0.844594586,0.506756731,5.831868494,8.502263799,1.531583264,8.432774582,14.55604782,113.176857,0,0,0,0,0.0168928,0.59745,0,0,0.1137522,27.061,0.865705,0.154599994,0.0889,55.71749878,9.361300468,1.776544,0.041517,0,5
113,-156.9599474,20.73137881,Lanai,12.74807692,6.802692308,53.82115385,2.17,24.03807692,14.75738989,5.244855338,3.422788411,2.424835451,11.20258883,0,1.775687025,0.0309162,0,0,0.0580965,0.158370875,0.904588575,0.1710637,0.1140384,27.443,0.925453,0.078900002,0.104699999,56.04180145,9.209799767,6.593485832,0.178293005,0,5
139,-156.9206459,20.73425091,Lanai,30.24859448,4.30619469,27.02058824,1.404407427,37.02021517,7.418015491,38.33077864,4.797030162,3.629807313,9.59193345,0,1.926006775,0.0285201,0,0,0.0580965,0.18104415,0.1206118,0,0.188168275,27.517,0.9325,0.079800002,0.136399999,56.41650009,9.186699867,5.250874043,0.178924993,0,5
159,-156.8836183,20.91154782,Lanai,49.375,9.375,21.25,11.75,8.125,13.44064402,43.1612511,1.3797147,8.586241142,15.71071918,0,15.77566758,0.000097,0,1,0.0045828,0.49999022,0,0,0.55898672,27.088,0.913776,0.127499998,0.094899997,54.80400085,9.120699883,6.0958572,0.2354898,0,5
161,-156.8830263,20.90882366,Lanai,21.19620254,6.25316456,51.76898732,10.63132912,10.15031646,18.75356513,33.98140018,6.273933249,3.104710317,10.61206214,0,22.63233874,0.00016858,0,1,0.0045828,0.49743912,0,0.82200606,0.57107714,27.088,0.913776,0.127499998,0.094899997,54.80400085,9.120699883,5.5141496,0.2305582,0,5
163,-156.8952886,20.73524783,Lanai,18.34576923,5.566538462,54.52076923,0.165,20.84615385,14.76219646,8.063530073,2.470261867,1.886653863,11.60948276,0,1.140895567,0.029919833,0,0,0,0,2.010197,0,0,27.424,0.945783,0.083099999,0.122500002,56.38880157,9.211700439,6.306738694,0.171549002,0,5
173,-156.8782408,20.90783032,Lanai,63.75,4.166666667,15,8.125,7.708333333,29.49128861,10.19500214,0.741584328,0.668642603,15.88998825,0,20.0377051,0.000189233,0,1,0.0045828,0.499355367,0,0,0.547372167,27.088,0.913776,0.127499998,0.094899997,54.80400085,9.120699883,5.89601,0.233228,0,5
176,-156.8771906,20.90407232,Lanai,41.45833333,12.91666667,30.625,11.04166667,0.833333333,17.02822855,37.41715071,24.63348508,2.946758112,13.85539106,0,21.82722983,0.000301267,0,1,0.0045828,0.495772933,0,0.913340067,0.572408133,27.088,0.913776,0.127499998,0.094899997,54.80400085,9.120699883,5.693348,0.231401,0,5
179,-156.8754791,20.90461825,Lanai,44.20792081,5.973597358,25.26815179,20.53836634,3.791941694,7.339036587,36.77427985,0.384586098,5.289983484,27.8872424,0,15.9225467,0.000226933,0,1,0.0045828,0.496558367,0,0,0.559100533,27.088,0.913776,0.127499998,0.094899997,54.80400085,9.120699883,5.693348,0.231401,728.8560791,5
190,-156.8704171,20.89839632,Lanai,46.875,12.08333333,32.29166667,7.708333333,0.416666667,16.87277838,38.74380115,8.032947821,4.316926469,20.89305496,0,6.2799527,0.0002885,0,1,0.0045828,0.491702733,0,0.456670033,0.5658151,27.015,0.930063,0.127499998,0.094899997,54.80400085,9.120699883,5.475785,0.227608,0,5
191,-156.8816282,20.7419102,Lanai,38.4,0.8,54,0.4,5.2,17.66166869,8.478471705,2.585279417,7.652656016,13.18865667,0,5.4657466,0.02778865,0,0,0,0,0,0,0,27.424,0.945783,0.083099999,0.122500002,56.38880157,9.211700439,5.654922962,0.180610999,0,5
194,-156.8673926,20.89733265,Lanai,52.25,2.625,33,10.625,1,20.56226547,34.18709195,2.755851042,7.291043513,17.07035972,0,7.4858208,0.00027354,0,1,0.0045828,0.4910676,0,0,0.56108408,27.015,0.930063,0.127499998,0.094899997,54.80400085,9.120699883,5.4629764,0.2262592,0,5
198,-156.8758468,20.74209008,Lanai,21.8870348,1.417237672,58.66344466,6.996938504,10.58928014,6.779284923,23.17705416,1.967046905,3.040681959,13.30128096,0,7.006783083,0.021723567,0,0,0.0580965,0.231322333,0,0,0,27.424,0.945783,0.08135,0.14891667,55.9701322,9.230700016,4.847786268,0.196241833,0,5
201,-156.8605561,20.89131607,Lanai,46.5625,7.5,41.5625,1.875,2.5,18.37385068,27.79021863,11.45260901,1.231516202,11.45280067,0,9.7387085,0.0002807,0,1,0.0045828,0.48701485,0,1.3700101,0.57429555,27.015,0.930063,0.127499998,0.094899997,54.80400085,9.120699883,3.660646,0.254373,0,5
231,-156.6952632,20.94564711,Maui,45.43263386,5.748135413,29.54678753,1.248496558,16.87060432,1.673438506,4.838831855,0.13751083,7.533651152,6.661380434,371.866816,32.67592769,0.089898544,1,0,0.0408493,0.540375954,0.254729195,0,1.892247651,26.95981028,0.894364221,0.120899998,0.079099998,54.18349838,8.855600357,4.198183055,0.133193001,0,5
232,-156.6942789,20.94868739,Maui,39.74360314,11.24169172,34.13626676,2.733227607,11.69253046,2.904280604,14.32856043,11.38952182,3.048474736,14.58639858,408.2242529,46.25889871,0.085323325,1,1,0.0408493,0.540344918,9.430232372,2.01469012,1.9614934,26.93600057,0.893665011,0.123250514,0.087636082,54.39300431,9.009311617,4.328364176,0.13482259,0,5
233,-156.6941727,20.94689919,Maui,38.58704416,4.542412004,34.30493563,2.300921792,19.73163447,16.9255541,16.02888626,2.497984117,0.214471931,15.55062323,381.9718933,41.37882611,0.097528652,1,0,0.0408493,0.539482733,16.0479393,5.4284706,2.104675611,26.93600082,0.893665016,0.120899998,0.079099998,54.18349838,8.855600357,4.19818306,0.133193001,0,5
234,-156.694433,20.94221327,Maui,36.0342983,10.31887643,34.7774653,2.930647605,14.11912984,8.755757255,5.580397722,0.392431555,6.936195788,18.84661379,636.619812,17.12118712,0.106738548,0,1,0.0408493,0.538008262,14.21969305,0.068714818,1.939058213,27.23600006,0.902474999,0.120899998,0.079099998,54.18349838,8.855600357,3.811278105,0.126660004,0,5
235,-156.6938255,20.9456751,Maui,26.20601107,1.780642137,42.08826901,0.720873279,28.81017075,9.23002236,6.455739558,4.596753388,0.403231366,14.95771312,381.9718933,35.79870584,0.101813118,1,0,0.0408493,0.538781495,16.0479393,3.6189804,2.103823974,26.93600082,0.893665016,0.120899998,0.079099998,54.18349838,8.855600357,4.19818306,0.133193001,0,5
236,-156.6934033,20.95071423,Maui,38.53050328,8.522271084,33.53693159,3.526198033,15.53937316,7.474489801,14.30651227,5.168933355,2.902073449,18.49351297,466.8545227,52.27341699,0.078227359,1,1,0.0408493,0.540058735,7.368951719,2.492665071,2.013589528,26.936,0.893665,0.1285,0.106700003,54.86090088,9.352600098,4.619102001,0.138462007,0,5
237,-156.6938693,20.94398531,Maui,30.63976634,6.968181092,43.60944354,2.247439297,15.75034891,2.931368102,4.271144967,2.768172906,5.632095247,18.99117221,595.641986,27.85338724,0.103285217,1,1,0.0408493,0.538459653,12.35875785,1.622301559,2.026760661,27.18772432,0.901057301,0.120899998,0.079099998,54.18349838,8.855600357,3.873538672,0.127711291,0,5
238,-156.6936005,20.93812571,Maui,34.73061878,5.813833794,41.26004431,2.658595725,14.86623408,6.0941434,20.81134445,5.753971533,1.440782876,18.09506686,1103.474365,0.810365925,0.121814923,0,1,0.0408493,0.535607004,16.0479393,3.935641185,2.095636544,27.23600006,0.902474999,0.120899998,0.079099998,54.18349838,8.855600357,3.811278105,0.126660004,0,5
239,-156.6957037,20.91018931,Maui,43.74221085,2.717794388,25.58431681,1.309729872,22.2264621,0.81743997,4.335880428,0.094647496,0.533061994,3.902043867,11826.98145,20.4259596,0.1001923,0,0,0.0408493,0.52992425,0,0,1.88031525,27.23600006,0.902474999,0.101999998,0.098800004,55.50059891,9.300100327,2.742947102,0.242359996,0,5
240,-156.6934342,20.93957184,Maui,35.91381369,2.954574841,36.42776576,2.5067511,21.94542971,9.360787645,6.508090173,10.72122836,2.8211235,25.38702457,994.9035387,5.214284598,0.119583702,0,1,0.0408493,0.535942844,16.0479393,4.797253088,2.10608242,27.23600006,0.902474999,0.120899998,0.079099998,54.18349838,8.855600357,3.811278105,0.126660004,0,5
241,-156.693427,20.93640429,Maui,32.44349764,3.230121987,37.99832271,4.405568994,20.48980877,7.3823278,7.548482481,13.17595678,2.915822198,16.76712548,1103.474365,0.00723643,0.126843781,0,1,0.0408493,0.534785825,16.0479393,5.181721936,2.112777492,27.23600006,0.902474999,0.120899998,0.079099998,54.18349838,8.855600357,3.811278105,0.126660004,0,5
242,-156.6930018,20.94116831,Maui,15.63303256,2.495724627,62.03359321,1.177620324,18.34336474,4.798503359,7.042584045,2.497771466,0.260644178,20.39487139,636.619812,12.21480389,0.117188752,0,1,0.0408493,0.536135736,16.0479393,5.4284706,2.114161485,27.23600006,0.902474999,0.120899998,0.079099998,54.18349838,8.855600357,3.811278105,0.126660004,0,5
243,-156.6927849,20.94239063,Maui,18.86712018,2.80714285,45.48412698,1.055555567,31.7217687,8.313827814,2.076689585,10.57594634,0.076220163,13.34725163,636.619812,20.47122127,0.11455065,0,1,0.0408493,0.5362294,16.0479393,5.4284706,2.1213676,27.23600006,0.902474999,0.120899998,0.079099998,54.18349838,8.855600357,3.811278105,0.126660004,0,5
244,-156.6913848,20.95220612,Maui,38.2036412,4.786796618,44.21482513,1.460816332,10.8983582,4.407028724,14.13440806,1.940684129,0.771619792,7.450324971,466.8545227,56.89678993,0.079831607,1,1,0.0408493,0.538471576,14.38780765,3.743772828,2.093540924,26.936,0.893665,0.1285,0.106700003,54.86090088,9.352600098,4.577276542,0.137502696,0,5
258,-156.6675174,21.0002128,Maui,15.65934709,5.365339828,35.52753058,5.770446893,36.73188106,5.15426135,2.97140644,5.455527174,0.68850353,22.77686489,24092.52344,4.839464942,0.064461167,0,1,0.0408493,0.526637208,15.54643464,5.4284706,2.122971175,26.668,0.900151,0.1285,0.106700003,54.86090088,9.352600098,9.564455032,0.121179998,0,5
286,-156.6413242,21.01613647,Maui,14.1985755,5.469705603,33.91111111,7.853941121,38.1,34.49316378,8.741025817,3.643868383,2.307218542,35.74416646,4482.274943,37.82381818,0.047036067,0,1,0.006808217,0.083897217,0,0,0.30971835,26.596,0.89732,0.132100001,0.112599999,54.46630096,9.430800438,14.89881611,0.10913217,0,5
288,-156.6391656,21.01495631,Maui,17.01643389,5.009711981,37.73985935,4.704160526,34.95926511,40.55211515,12.75132384,9.313008867,3.380668397,31.57340596,4795.869141,41.41171359,0.049968344,0,1,0,0,0,0,0,26.596,0.89732,0.132100001,0.112599999,54.46630096,9.430800438,13.9286747,0.109378003,0,5
301,-156.6122955,20.80580656,Maui,53.1387128,3.248340682,29.15943411,0.073132222,14.2339559,3.287473618,4.867243957,1.060009554,5.329558198,18.40558884,3352.864258,0.8342291,0.0334626,0,1,0.5037156,0.4725744,0,0,2.0785744,27.36000061,0.946600974,0.086900003,0.092900001,54.44179916,9.263799667,2.15041399,0.159958005,0,5
306,-156.6009568,20.7962009,Maui,41.17647063,3.114186852,38.40830451,7.266435989,6.574394431,0.801342456,7.494399715,1.744482029,2.746717121,17.04980793,84.8826447,14.4199018,0.0033245,0,0,0.5037156,0.4682865,0,0,0.3319045,27.432,0.964963,0.086900003,0.092900001,54.44179916,9.263799667,1.741392,0.148999,0,5
314,-156.5837486,20.79072985,Maui,44,1.8,17.4,7.4,29.4,2.628814216,6.564047126,0.720291669,4.175283277,7.12496744,226.353714,5.8748281,0.01180315,0,0,0.5037156,0.46266935,0,0,2.01345765,27.432,0.964963,0.086900003,0.092900001,54.44179916,9.263799667,1.643053055,0.144995004,0,5
346,-156.4560895,20.70830815,Maui,46.77130803,1.265822808,46.27510545,0.421940954,2.4,4.129117976,8.436345783,0.323461986,4.191732388,8.436556046,2277.684326,0.148769967,0.018205167,0,0,0.5037156,0.376616,0,0,0.737905433,27.669,0.92648,0.088129997,0.009881423,50.99010086,8.615799904,0.886858,0.175342,0,5
353,-156.4504909,20.70452614,Maui,35.35172864,6.035877367,13.92074363,22.77129811,20.79178082,2.851126213,13.81991009,0.683585349,0.906840009,8.310577153,8658.029297,0.38773885,0.09453985,0,0,0.5037156,0.370991975,0,0,1.7968616,27.669,0.92648,0.088129997,0.009881423,48.90610123,8.25498867,1.093016028,0.171338007,0,5
420,-155.979812,20.76209226,Maui,34.60735969,8.400690497,16.93333333,25.55670077,13.31302682,35.53263518,29.45922003,35.20630526,2.845981174,15.48170665,19843.67578,0.2636896,0.009490633,0,1,0.0134203,0.063086367,6.686588933,0,1.942112567,26.543,0.926162,0.090899996,0.045499999,51.57659912,9.319299698,33.71652603,0.115278997,0,5
421,-156.0557355,19.74250652,Hawaii,37.92799145,2.184862798,55.11738641,0.683631354,2.500601664,13.69680156,9.888759118,3.44541865,8.207926605,22.72609199,1018.591675,0,0.0595028,0,0,0.0665927,0.4285282,29.1233273,0,6.0598574,28.291,0.897265,0.109800003,0.0217,52.63399887,9.982000351,13.063922,0.049511,0,5
423,-156.0494806,19.70887982,Hawaii,43.16675081,1.272689104,49.83483561,0.049974696,3.94860404,6.219321723,1.536845979,1.264269344,2.340318269,13.57186214,636.619812,0,0.0631733,0,0,0.1775087,0.4730836,29.1233273,0,6.6374412,28.29100037,0.897265017,0.073299997,0.0198,45.67580032,7.140699863,10.43084812,0.047945,2023.23645,5
424,-156.0498955,19.70000652,Hawaii,40.49953423,2.34874384,50.57539973,0.368907924,1.274709735,3.537307916,5.970178919,4.552989362,10.78363383,26.69260442,339.5305786,0,0.0631733,0,0,0.1775087,0.4824516,10.9210768,0,2.8011162,28.29100037,0.897265017,0.073299997,0.0198,45.67580032,7.140699863,12.12933826,0.056164,2011.832642,5
425,-156.0328688,19.79649652,Hawaii,46.6641819,2.439489348,47.4376891,0.073380567,2.344535618,3.979063204,6.239582351,1.124393886,6.809432758,18.12385186,0,0,0.0023075,0,0,0.0665927,0.3598686,0,0,2.1323957,27.61,0.899567,0.086099997,0.171900004,54.18859863,8.215999603,11.875292,0.056947,1994.314087,5
430,-156.0296756,19.67114884,Hawaii,51.67903038,4.327367574,27.08397012,0.359824843,2.844167262,5.491458996,2.695057296,1.368933929,8.445605824,20.61773044,1754.241211,0,0.02912492,0,0,0.1775087,0.51478216,11.64933092,0.60193934,6.02785196,28.03800011,0.876560986,0.061700001,0.035599999,40.11780167,8.738200188,10.35304165,0.050097998,1896.854126,5
435,-156.0068936,19.81496997,Hawaii,28.01665066,6.206813637,35.87281728,21.8219303,7.012415818,4.857570034,4.449874908,0.811447684,4.777191883,11.80738202,0,0,0.005350538,0,0,0.0665927,0.330831425,9.510528788,0.752424175,6.198060625,27.446,0.887525,0.086099997,0.171900004,54.18859863,8.215999603,12.34578309,0.051272,1837.405518,5
437,-156.0048268,19.81621003,Hawaii,38.7725974,14.61359565,28.22262135,13.32886217,3.924043945,4.366669258,11.08243926,1.265382409,5.446346157,31.94094026,0,0,0.005191767,0,0,0.0665927,0.328818517,18.2019768,0.501616117,6.707110817,27.446,0.887525,0.086099997,0.171900004,54.18859863,8.215999603,12.34578323,0.051272001,1844.319702,5
438,-156.0031215,19.82034633,Hawaii,29.47760099,9.312418316,47.6606215,9.22044335,2.851261548,5.453595969,5.069728966,1.954986302,4.895555731,17.79519898,127.3239594,0,0.004335829,0,0,0.0665927,0.325833014,12.48142599,0,5.954575986,27.446,0.887525,0.086099997,0.171900004,54.18859863,8.215999603,12.041119,0.048337,1803.008911,5
441,-156.0027118,19.8176196,Hawaii,45.67740245,8.153264553,32.55826927,8.190570335,4.589169667,3.359927823,2.050346912,0.568747187,5.331753744,11.79214597,0,0,0.005374814,0,0,0.0665927,0.326104143,29.1233273,1.289870014,6.904977571,27.446,0.887525,0.086099997,0.171900004,54.18859863,8.215999603,12.34578323,0.051272001,1639.004517,5
445,-156.0009117,19.83012056,Hawaii,30.34656879,8.124782072,33.07685044,10.79233716,9.970136849,12.19208252,15.12499322,0.985628368,5.99175787,24.77896846,109.1348223,0,0.001640143,0,0,0.0665927,0.3165041,0,0,6.136654557,27.40828571,0.882891286,0.090814286,0.170271431,54.08214242,8.324942452,10.535146,0.056528,0,5
449,-156.0003613,19.82248108,Hawaii,28.9279624,4.386150037,40.10371677,14.46040868,11.17717352,7.372484694,12.60718681,0.934312117,1.417434477,22.0189127,127.3239594,0,0.00412954,0,0,0.0665927,0.32282875,18.93012164,2.40775736,7.28952033,27.402,0.882119,0.086099997,0.171900004,54.18859863,8.215999603,11.85869303,0.049217601,0,5
460,-155.9961507,19.83489525,Hawaii,28.10767091,5.875508984,44.36768317,10.25816018,9.364148043,6.049532219,4.277940792,6.175375245,1.947211672,22.56959033,0,0,0.000838642,0,0,0.0665927,0.311342033,0,0.752424175,6.554849208,27.402,0.882119,0.091600001,0.170000002,54.06439972,8.343099594,11.82054567,0.055968667,0,5
465,-155.9941256,19.83546123,Hawaii,17.56486486,2.107240336,69.96069834,0.111155551,9.518000224,6.61468823,2.812302064,3.274949752,1.224555109,13.23015319,0,0,0.00098956,0,0,0.0665927,0.31047178,0,0.60193934,7.16624794,27.402,0.882119,0.091600001,0.170000002,54.06439972,8.343099594,10.064549,0.060274,0,5
468,-155.9924246,19.83621219,Hawaii,33.32343222,6.826675382,31.94777715,13.85677796,11.72269476,5.005981913,8.468333394,1.259062727,24.60247038,48.51025644,110.8190003,0,0.00112265,0,0,0.0665927,0.309347283,0,0,6.234336167,27.402,0.882119,0.091600001,0.170000002,54.06439972,8.343099594,10.62416739,0.059165,0,5
476,-155.9887994,19.83450773,Hawaii,59.78146162,2.734168292,12.31353535,15.26681099,8.686512745,5.759355649,3.763694291,0.676422427,1.660628347,14.27402607,664.9140015,0,0.00234631,0,0,0.0665927,0.30959205,17.47399638,1.50484835,7.08702313,27.402,0.882119,0.091600001,0.170000002,54.06439972,8.343099594,13.42225933,0.053619999,0,5
477,-155.9872027,19.83363581,Hawaii,42.42221028,9.321468716,30.8821052,5.789130126,9.829047853,8.200957593,5.688065449,1.024403798,3.738995695,23.39508778,664.9140015,0,0.002619033,0,0,0.0665927,0.3089366,29.1233273,3.0096967,7.342039217,27.402,0.882119,0.091600001,0.170000002,54.06439972,8.343099594,13.42225933,0.053619999,0,5
479,-155.9868969,19.83603209,Hawaii,51.16927207,3.63136193,24.0148247,8.508301405,10.44044414,5.868522205,2.695747279,1.046562347,4.004030967,18.20093931,843.1675781,0,0.0023459,0,0,0.0665927,0.30740526,23.29866184,0,5.03174866,27.402,0.882119,0.091600001,0.170000002,54.06439972,8.343099594,13.42225933,0.053619999,0,5
481,-155.9848841,19.83679827,Hawaii,54.64006954,6.722035122,21.5239113,14.66830519,1.237824044,8.639875115,8.976678232,1.090119834,6.752184148,23.89766266,962.0032959,0,0.00242475,0,0,0.0665927,0.306361325,29.1233273,0,6.741522425,27.402,0.882119,0.091600001,0.170000002,54.06439972,8.343099594,13.11091423,0.0527395,0,5
483,-155.9831583,19.83780777,Hawaii,36.72025993,3.39011038,42.17591141,13.40631272,2.148281475,8.211525403,19.76159368,3.534906689,1.355484051,14.8508048,962.0032959,0,0.00246576,0,0,0.0665927,0.30470462,29.1233273,1.80581802,7.28665142,27.402,0.882119,0.091600001,0.170000002,54.06439972,8.343099594,13.00713253,0.052446,0,5
484,-155.9825739,19.83988726,Hawaii,30.41551523,6.809164029,27.65031803,14.77309493,18.52619167,10.09285679,13.49235482,3.999264506,11.79635525,23.83580825,962.0032959,0,0.002361629,0,0,0.0665927,0.303463443,27.56313437,0.429956671,7.193082929,27.402,0.882119,0.091600001,0.170000002,54.06439972,8.343099594,13.00713253,0.052446,0,5
485,-155.9812368,19.84228323,Hawaii,32.32807101,9.960803786,43.36369307,8.83908046,3.839369331,10.20544884,8.208155319,1.323194875,6.058523557,9.884229528,962.0032959,0,0.002415444,0,0,0.0665927,0.301581,18.2019768,0.668821489,6.800398244,27.402,0.882119,0.091600001,0.170000002,54.06439972,8.343099594,13.00713253,0.052446,0,5
486,-155.9807781,19.84388834,Hawaii,31.46357687,9.444645822,39.07372126,8.15547751,11.03103539,5.157500558,7.976003086,0.976706155,6.888927734,43.99084924,962.0032959,0,0.002420889,0,0,0.0665927,0.300011722,16.17953493,0,5.525426189,27.402,0.882119,0.091600001,0.170000002,54.06439972,8.343099594,13.00713253,0.052446,0,5
489,-155.9768481,19.84594245,Hawaii,28.69228194,6.633943308,50.82103655,9.698084291,2.717886675,9.731263188,6.782180897,2.508969685,6.183090271,22.5710334,962.0032959,0,0.00247067,0,0,0.0665927,0.29763258,4.40484348,0.90290901,6.52237954,27.402,0.882119,0.091600001,0.170000002,54.06439972,8.343099594,12.19353227,0.0530724,0,5
490,-155.9929855,19.63119652,Hawaii,53.8300556,8.226075692,34.34459693,0.55905201,1.992984618,3.343212959,1.173354985,0.574405033,7.458967906,12.80047221,30727.51563,0,0.0257675,0,1,0.1775087,0.5453882,29.1233273,0,6.2477474,27.26600075,0.834820986,0.061700001,0.035599999,40.11780167,8.738200188,6.428882,0.08591,0,5
491,-155.9751372,19.84792522,Hawaii,27.13779008,6.940864819,50.26126968,13.13409962,1.90672162,9.036711171,17.20648461,6.003689535,6.232303584,38.16833773,962.0032959,0,0.0023419,0,0,0.0665927,0.295897917,1.0921077,0,6.848436833,27.402,0.882119,0.091600001,0.170000002,54.06439972,8.343099594,11.99013233,0.053229,0,5
494,-155.9710791,19.84988105,Hawaii,33.36626818,13.49724699,32.80233246,15.15723315,3.277481596,9.89718853,18.35752332,3.786956986,14.25016851,17.14703133,715.071966,0,0.002428427,0,0,0.0665927,0.293018773,13.83357115,0.273608791,6.614889173,27.41909091,0.881808818,0.091600001,0.170000002,54.06439972,8.343099594,11.87486605,0.052659545,0,5
500,-155.9638996,19.8524785,Hawaii,34.53349733,16.3303337,23.71424496,22.1304993,2.251986115,10.54013111,15.90175416,1.535505865,5.471734007,24.04589422,141.4710693,0,0.002419755,0,0,0.0665927,0.286643109,28.13047725,0.820826373,6.419598982,27.449,0.881266,0.091600001,0.170000002,54.06439972,8.343099594,11.67315006,0.051663,0,5
502,-155.9618084,19.85291474,Hawaii,56.83166217,6.031585459,18.65077929,15.10481664,2.126984127,6.787384813,9.519277109,4.422387703,3.763496116,20.08018261,0,0,0.0024854,0,0,0.0665927,0.28462,29.1233273,0,6.75222395,27.449,0.881266,0.091600001,0.170000002,54.06439972,8.343099594,9.822650909,0.050685,0,5
503,-155.9591708,19.85330725,Hawaii,49.57493842,9.667786133,26.34255272,12.94252874,0.888844443,6.678222537,14.81490035,1.752942761,3.528239065,15.64763259,0,0,0.002402886,0,0,0.0665927,0.282511286,16.95389313,0.859913343,5.054140243,27.449,0.881266,0.091600001,0.170000002,54.06439972,8.343099594,9.707950728,0.050629143,0,5
505,-155.9557471,19.85317295,Hawaii,48.94521898,8.450402107,24.11345046,14.85057471,2.814740741,5.36344248,19.08179828,3.516573569,4.735617066,18.43736376,0,0,0.002437267,0,0,0.0665927,0.279634517,29.1233273,0.501616117,4.9158303,27.449,0.881266,0.091600001,0.170000002,54.06439972,8.343099594,9.019749641,0.050294001,0,5
510,-155.9515191,19.85305251,Hawaii,34.21959655,22.63652549,37.28981061,0.148222222,4.169288587,5.464650101,5.795147219,0.959199002,0.983518328,20.45350896,56.5884285,0,0.0024854,0,0,0.0665927,0.2760392,18.2019768,2.257272525,7.272071375,27.449,0.881266,0.091600001,0.170000002,54.06439972,8.343099594,8.486261368,0.050097998,0,5
517,-155.9700549,19.56905716,Hawaii,28.45227616,8.401303897,59.93281636,0.599637783,0.517011506,5.463872085,4.846805807,0.379653842,2.646735299,12.14546246,4357.309082,0,0.1168395,0,0,0.1775087,0.54929025,21.84249548,0,5.448525675,27.515,0.8134,0.0583,0.0138,42.082901,6.82460022,12.8735733,0.051272001,0,5
518,-155.9461296,19.85495584,Hawaii,35.59821191,15.88767997,38.55812376,0.111155551,8.956039921,4.536515448,6.929912592,0.652974741,2.167321366,18.27500801,141.4710693,0,0.002377775,0,0,0.0665927,0.271691825,0.7279809,0,7.075769175,27.415,0.856637,0.091600001,0.170000002,54.06439972,8.343099594,7.915678978,0.050097998,0,5
520,-155.9446336,19.85431747,Hawaii,29.70384551,20.15766955,46.8058307,0.088933333,1.817699976,6.902620408,9.058148474,1.262474663,4.250558693,23.66856284,186.7418091,0,0.00227896,0,0,0.0665927,0.2702987,0.9464024,0,6.08699646,27.415,0.856637,0.091600001,0.170000002,54.06439972,8.343099594,7.915678978,0.050097998,0,5
521,-155.9432422,19.85267664,Hawaii,15.36531199,21.36498596,56.22107462,0.148222222,5.069136933,3.472840251,4.822338787,0.455846367,1.631958785,11.65511486,481.0016479,0,0.002405467,0,0,0.0665927,0.268524033,1.8200884,0,6.6628782,27.415,0.856637,0.091600001,0.170000002,54.06439972,8.343099594,7.407063007,0.050294001,0,5
527,-155.9622855,19.54826321,Hawaii,60.06774624,3.786718861,33.63898304,0.414102564,0.946888315,11.22847607,6.559379889,1.5037611,3.716608815,11.53946439,282.9421387,0,0.1202396,0,0,0.1775087,0.5388866,18.2019768,0,7.0614018,27.55,0.822759,0.0583,0.0138,42.082901,6.82460022,13.20345497,0.052250002,489.3553467,5
547,-155.9031073,20.18617308,Hawaii,28.26666667,13.33333333,53.6,0.266666667,3.733333333,7.668563196,2.267126658,0.895632752,2.052783981,22.93077907,339.5305786,10.48479333,0.0038227,1,0,0.0119203,0.151367467,18.2019768,0.6270523,7.293745033,27.671,0.915251,0.071500003,0.0079,56.0243988,10.57929993,7.034646034,0.054403,510.7984619,5
549,-155.9029967,20.1841525,Hawaii,59.2,11.6,23.6,0.4,4.8,3.307909825,0.445007176,1.335827327,1.367735215,17.88474209,339.5305786,11.746452,0.003711633,1,0,0.0119203,0.152881533,18.2019768,0,4.65999855,27.671,0.915251,0.071500003,0.0079,56.0243988,10.57929993,7.034646034,0.054403,496.6834717,5
550,-155.9293821,19.86081097,Hawaii,38.13148254,5.048391881,37.86880923,0.111155551,16.96435038,4.012722233,4.140163706,0.439499442,8.734254328,24.57757411,735.6495361,0,0.001117129,0,0,0.0665927,0.259901929,0,0.429956671,6.620477529,27.415,0.856637,0.091600001,0.170000002,54.06439972,8.343099594,6.496282029,0.054598999,481.3280334,5
570,-155.9244253,19.86683995,Hawaii,25.09639374,20.61351037,39.23520514,0.15878117,13.81478854,4.289286007,2.352098141,1.04953779,3.65225431,36.41491776,443.2760264,0,0.004637333,0,0,0.0665927,0.2575253,1.0921077,0,6.724774833,27.415,0.856637,0.091600001,0.170000002,54.06439972,8.343099594,10.00715478,0.048858335,19010.60742,5
574,-155.9528688,19.50527981,Hawaii,36.73866331,4.185134472,50.90075184,1.888847653,4.696606825,7.320429945,4.214537398,3.370801527,4.798585607,17.39778444,1287.386719,0,0.1276567,0,0,0.1775087,0.5054272,18.2019768,0,6.637126,27.55,0.822759,0.075999998,0.0099,46.19589996,7.084599972,12.23273563,0.057142999,20019.59961,5
582,-155.9467295,19.4830321,Hawaii,26.07149417,11.36639084,52.70808897,2.044369662,6.565837085,9.703697424,15.22863777,4.905454832,2.182673144,35.81562078,0,0,0.122696767,0,1,0.1775087,0.4811209,10.9210768,0.3761799,2.185416467,27.607,0.835396,0.072499998,0.0198,43.47570038,7.057300091,10.55648334,0.063339666,0,5
583,-155.893206,20.12523456,Hawaii,19.93105967,2.707391667,56.75934807,3.392229344,12.81559603,3.022109201,4.546733857,2.028002514,1.160728844,7.177303191,28.2942142,1.1184746,0.0042064,0,0,0.0119203,0.1868826,1.0921077,0,3.9465084,27.496,0.861077,0.064300001,0.002,56.0243988,10.57929993,6.801821232,0.041487001,0,5
585,-155.942758,19.48284848,Hawaii,21.9,13.9,51,7.1,5.8,15.02128916,8.437861357,4.722762797,2.131550828,21.41466439,0,0,0.1177721,0,1,0.1775087,0.47704755,7.2806268,0.56426985,4.46192715,27.607,0.835396,0.072499998,0.0198,43.47570038,7.057300091,11.01469803,0.060860999,0,5
586,-155.9403555,19.48159203,Hawaii,34.1,18.725,37.05,4.725,4.55,12.81613636,2.857468138,3.983963592,8.002009855,32.87136303,113.176857,0,0.11241045,0,1,0.1775087,0.47382545,10.9210768,0,4.07310605,27.607,0.835396,0.072499998,0.0198,43.47570038,7.057300091,9.707300186,0.062426999,0,5
587,-155.9382649,19.47941866,Hawaii,20.36785714,7.978571429,59.92857143,6.546428571,3.678571429,15.32211334,6.193784675,4.454040654,4.295583879,19.56627656,113.176857,0,0.1060121,0,1,0.1775087,0.4711164,10.9210768,0,5.86820415,27.607,0.835396,0.072499998,0.0198,43.47570038,7.057300091,9.707300093,0.062427,0,5
588,-155.9363471,19.47811365,Hawaii,38.1,11.5,42.1,4.4,1.4,14.21438028,6.947975735,6.476249519,6.113528487,29.71226003,346.6041146,0,0.09841955,0,0,0.1775087,0.4685086,10.9210768,0,6.941489,27.607,0.835396,0.072499998,0.0198,43.47570038,7.057300091,8.612372067,0.0567515,0,5
592,-155.8927059,19.92990293,Hawaii,39.52239917,13.61532767,28.89670488,4.428915179,9.12162163,8.13996983,4.14227689,0,4.983854786,17.5696383,268.7950439,0,0.0048599,0,1,0.0665927,0.2487803,0,0,5.447957,27.633,0.873563,0.090099998,0.138300002,53.56689835,8.327699661,11.56943703,0.046184,0,5
595,-155.9258297,19.47994059,Hawaii,33.02115385,7.308974359,26.98141026,0.908974359,30.32948718,17.94392631,1.170863555,1.450734937,7.604013788,45.87618189,16778.46826,0,0.061248925,0,0,0,0,0,0,0,27.607,0.835396,0.072499998,0.0198,43.47570038,7.057300091,7.517444134,0.051075999,0,5
596,-155.9267855,19.46281321,Hawaii,33.34422382,7.527697567,53.12901468,3.894478844,0.931690912,7.486587065,9.835267076,3.539243313,4.147719038,11.04279923,8714.618164,0,0.0421867,0,0,0.1775087,0.4508435,29.1233273,0,7.0250216,27.607,0.835396,0.072499998,0.0198,43.47570038,7.057300091,10.10758305,0.051663,0,5
598,-155.9246279,19.46342063,Hawaii,67,6,12.8,4.2,9.6,5.665660863,3.841453671,0.727317434,2.635219872,7.670098635,8714.618164,0,0.0457581,0,0,0.1775087,0.44857445,29.1233273,3.0096967,7.3553834,27.607,0.835396,0.072499998,0.0198,43.47570038,7.057300091,10.10758305,0.051663,0,5
599,-155.9236571,19.47071146,Hawaii,37.10104167,16.24166667,35.9125,1.466666667,6.459375,12.01028281,5.023531702,3.054362727,4.957081342,11.89699474,10105.75,0,0.044903083,0,0,0.1399374,0.311082533,29.1233273,1.003232233,3.321122167,27.607,0.835396,0.072499998,0.0198,43.47570038,7.057300091,8.697020531,0.050294001,0,5
600,-155.9231326,19.47428298,Hawaii,44.2,14.2,30,4.8,5.2,7.42176957,4.313466948,1.34346032,7.366102569,18.51750278,9945.416016,0,0.0400493,0,0,0.1023661,0.1720362,0,0,0,27.607,0.835396,0.072499998,0.0198,43.47570038,7.057300091,8.697020531,0.050294001,0,5
603,-155.9221529,19.47255638,Hawaii,47.91706924,6.534609795,38.02756765,1.910031028,4.431884058,13.28749672,13.42977136,1.023057971,2.107057316,39.68896057,11643.06901,0,0.046496567,0,0,0.1023661,0.171517067,29.1233273,1.003232233,0,27.607,0.835396,0.072499998,0.0198,43.47570038,7.057300091,8.697020531,0.050294001,0,5
610,-155.9211493,19.43425758,Hawaii,33.8,11.4,41.75,4.35,2.9,15.82103027,11.22730534,13.3281503,2.355344124,56.94736451,84.8826447,0,0.0271408,0,0,0.1775087,0.4146625,1.0921077,0,2.742373,27.602,0.850622,0.072499998,0.0198,43.47570038,7.057300091,15.23916531,0.055969,0,5
611,-155.8679658,20.08142074,Hawaii,45.30268627,12.6607437,38.61744258,0.32717049,0.922046502,9.261068016,2.480894384,0.666995835,1.192061549,13.15078226,820.5322266,14.59198793,0.013616467,0,1,0.0665927,0.209071367,18.2019768,0.6270523,3.682470033,27.667,0.882428,0.086300001,0.134399995,53.13359833,8.451899529,6.094954967,0.043053001,0,5
614,-155.8646637,20.07431093,Hawaii,53.54273076,8.02245412,26.28275123,2.212656281,8.913267179,3.184946406,3.694239417,0.387337977,5.265081233,18.1528037,3197.246094,21.0904942,0.0207886,0,1,0.0665927,0.211867,18.2019768,0,4.0163131,27.667,0.882428,0.086300001,0.134399995,53.13359833,8.451899529,5.867839813,0.042856999,0,5
616,-155.9168037,19.42538972,Hawaii,29.26666667,15.46666667,47.26666667,3.133333333,2.8,12.18571829,4.835295727,9.200794067,1.600260865,25.02322197,565.8842773,0,0.027323133,0,1,0.1775087,0.4012744,18.2019768,1.003232233,6.7295513,27.602,0.850622,0.072499998,0.0198,43.47570038,7.057300091,14.36497021,0.056751002,0,5
617,-155.9145799,19.4250222,Hawaii,31.46666667,9.466666667,44.53333333,2.8,9.466666667,15.58243157,7.22268414,3.962491044,5.36091027,22.66130919,565.8842773,0,0.0271408,0,1,0.1775087,0.399011367,18.2019768,1.003232233,6.9680603,27.602,0.850622,0.072499998,0.0198,43.47570038,7.057300091,14.36497021,0.056751002,0,5
618,-155.914759,19.42146037,Hawaii,31.4,10.04,50.64,1.52,3.44,9.35476404,8.769111665,4.447766666,0.984388907,21.67608127,565.8842773,0,0.02609465,0,1,0.1775087,0.394958283,29.1233273,1.003232233,5.7358791,27.602,0.850622,0.072499998,0.0198,43.47570038,7.057300091,14.36497021,0.056751002,0,5
619,-155.9123476,19.42345528,Hawaii,47.02857143,12.17142857,32.34285714,3.171428571,2.914285714,17.92614743,9.552062923,4.20026134,2.909745029,19.7259771,594.1784668,0,0.02688012,1,1,0.1775087,0.39499341,26.9390572,1.50484835,6.70925607,27.602,0.850622,0.072499998,0.0198,43.47570038,7.057300091,14.36497021,0.056751002,0,5
620,-155.8666672,19.95176404,Hawaii,32.04497475,9.195625281,52.32800448,0.950854701,3.760824336,32.29595189,34.4365683,2.41572344,5.237071085,10.27182454,2518.185059,0,0.092372425,0,0,0.0665927,0.24124765,7.280831825,0.752424175,6.973938125,27.5695,0.87433,0.090099998,0.138300002,53.56689835,8.327699661,8.269307966,0.0445205,0,5
622,-155.844405,20.05505682,Hawaii,26.15585854,4.595763963,38.37601249,15.22614077,7.174120817,13.50474278,13.12106125,4.498253296,2.810596173,10.71363398,14925.19824,119.7618637,0.0250727,0,0,0.0665927,0.2181189,18.2019768,0,4.2459497,27.66699982,0.88242799,0.086300001,0.134399995,54.47240067,8.437299728,5.324028969,0.043249,0,5
623,-155.9177949,19.13670414,Hawaii,43.0702252,23.81188862,26.97375395,2.096939845,1.20689656,29.44726869,12.47520236,6.008717667,3.917768518,14.52594599,28.2942149,0,0.000142667,0,0,0.0650845,0.099060667,10.9210768,0.3761799,3.698049933,27.448,0.890115,0.065499999,0.055300001,44.45780182,7.424399853,20.5551815,0.056164,0,5
628,-155.8973855,19.36914651,Hawaii,40.74499863,6.998411523,45.89871799,2.22351874,3.092209289,3.552391457,5.64059441,1.811856025,5.309697298,18.53415742,509.2958374,0,0.0435091,0,0,0.1775087,0.3176473,10.9210768,0,6.4365773,27.459,0.837188,0.07,0.0079,41.7826004,6.973499775,12.98104,0.052446,0,5
629,-155.9129395,19.1675895,Hawaii,31.41606781,4.063146649,55.63259672,0.440865385,7.563770805,4.143837631,7.377392029,1.989499514,5.006074157,25.97942684,339.5305786,0,0.0294229,0,0,0.0650845,0.1176468,4.00430385,0,6.6378863,27.718,0.885901,0.065499999,0.055300001,44.45780182,7.424399853,20.61624336,0.055969,0,5
631,-155.9105201,19.173639,Hawaii,42.8613053,2.440268079,44.9276418,0.349650366,2.447552458,6.096728384,11.5359274,2.351543718,8.433008914,10.71290761,565.8842773,0,0.028491667,0,0,0.0650845,0.121336733,10.9210768,1.003232233,6.881327167,27.718,0.885901,0.065499999,0.055300001,44.45780182,7.424399853,23.66143417,0.057142999,0,5
636,-155.9012988,19.21428754,Hawaii,49.97297299,8.071621614,19.09054055,14.31756755,5.289189199,8.32685742,0.634439293,1.079408071,2.873299084,8.117499674,8092.14502,0,0.0309416,0,0,0.1775087,0.1499102,18.2019768,0.94057845,3.53103175,27.702,0.883509,0.063100003,0.059300002,39.4858017,11.71420002,20.53029251,0.056164,0,5
637,-155.8375734,19.97730675,Hawaii,38,23.2,26,3.6,6.8,1.873340449,2.160859343,0.371109115,13.71193291,13.01809282,14359.31348,116.4745789,0.065731833,0,1,0.0665927,0.232635433,0,0,6.956501633,27.50600052,0.875096977,0.090099998,0.138300002,53.56689835,8.327699661,7.78207016,0.04501,0,5
643,-155.8898688,19.2978798,Hawaii,30.63369106,5.674477058,57.70833829,3.456831984,1.211839294,7.856807198,5.630431538,4.132867751,5.438836345,21.92679281,877.1206055,0,0.0443859,0,0,0.1775087,0.2269966,0.7279809,0,0.419699,27.57,0.853461,0.07,0.0079,36.23160172,10.95419979,18.88905334,0.056164,0,5
646,-155.8323452,19.97815706,Hawaii,29.33990679,8.833681265,55.32044734,1.027567571,2.78329916,16.44287022,11.734841,2.024520892,1.110337021,9.840221913,10502.81211,122.4274856,0.06458658,1,1,0.0665927,0.2309935,29.1233273,3.0096967,7.37469732,27.50600052,0.875096977,0.090099998,0.138300002,53.56689835,8.327699661,8.221818924,0.04501,0,5
648,-155.8309243,19.98823125,Hawaii,52.8,5.2,32.8,8.4,0.8,5.882984515,5.246070145,0.486159403,6.071870222,14.38213326,2225.811442,4.131533933,0.011253367,0,0,0.0665927,0.2309064,19.41555153,2.006464467,7.3003481,27.50600052,0.875096977,0.090099998,0.138300002,53.56689835,8.327699661,6.964011128,0.044227,0,5
649,-155.831365,19.97974034,Hawaii,27.73333333,12.66666667,36.13333333,0.933333333,18.26666667,18.9145805,13.40748308,2.462744564,3.474845817,21.92669903,8658.029576,98.15211379,0.057128443,0,1,0.064202243,0.139466386,29.1233273,1.289870014,3.151618614,27.50600052,0.875096977,0.090099998,0.138300002,53.56689835,8.327699661,8.221818924,0.04501,0,5
655,-155.8301739,19.98068471,Hawaii,14.8,5.466666667,44.53333333,1,33.86666667,16.81758996,10.17268202,2.249469405,3.937326595,16.51573568,7894.085938,72.40691375,0.04964925,0,1,0.0624094,0.070763875,29.1233273,0,0,27.50600052,0.875096977,0.090099998,0.138300002,53.56689835,8.327699661,8.221818924,0.04501,0,5
658,-155.9039522,19.07671319,Hawaii,34.86990272,8.637952654,51.46571919,1.734705353,2.48976327,3.840219618,14.12372119,2.997629026,5.178852029,38.26783707,0,0,0.0498793,0,0,0.0650845,0.0674275,29.1233273,0,4.1318669,27.413,0.870336,0.081699997,0.023700001,40.8667984,7.189199924,20.05482674,0.059294999,0,5
667,-155.8255875,20.0105972,Hawaii,25.10113082,5.424289754,55.29787629,1.027397261,10.77962672,6.011561294,5.146882546,3.867458544,0.938284936,7.568128406,4145.102539,88.8006973,0.0404678,0,0,0.0665927,0.2259577,29.1233273,3.0096967,7.4172153,27.43600082,0.881882012,0.086300001,0.134399995,54.47240067,8.437299728,6.716183186,0.045400999,0,5
669,-155.9010005,19.07476751,Hawaii,35.4,13.6,34.4,3.4,12.8,1.712694069,9.640782466,4.631477356,3.112582695,5.357197433,0,0,0.0679318,0,0,0.0650845,0.0660853,18.2019768,0,6.4610438,27.636,0.841174,0.081699997,0.023700001,40.8667984,7.189199924,20.05482674,0.059294999,0,5
670,-155.8825439,19.03824422,Hawaii,47.11954416,7.054446383,22.0566606,5.474738448,17.8929975,10.02859731,1.207398754,4.700472892,11.60562618,42.15626534,0,0,0.103329,0,0,0.0650845,0.0522645,0.7279809,0,0.9595389,27.468,0.832134,0.076700002,0.039500002,38.26979828,7.421000004,22.22523117,0.058708001,0,5
680,-155.7959118,19.00670122,Hawaii,16.75483617,1.503355703,61.65192787,3.341163325,14.57086458,15.35113773,11.13487219,7.536177621,3.545495733,12.46240862,0,0,0.1023491,0,0,0.0650845,0.03455395,7.2806268,0,2.18863275,27.37599945,0.823656023,0.084600002,0.033599999,39.99869919,7.090499878,7.016160965,0.176321,0,5
683,-155.7307468,18.96853511,Hawaii,24.21568627,12.8,21.95294118,11.2,29.63137255,3.300608837,32.67054739,6.29777738,7.426058211,21.95673886,0,0,0.0044032,0,0,0.0650845,0.0282839,1.0921077,0,2.5035536,27.05,0.801192,0.076800004,0.057300001,46.09289932,7.16260004,7.70620203,0.150489002,0,5
689,-155.3661317,20.05833174,Hawaii,46.67058824,4.680392157,34.2627451,3.1,11.18627451,35.19127499,30.61859851,15.59034345,13.46470425,21.09259678,5517.371582,25.4986973,0.0372994,0,0,0.0442969,0.0685343,0,0,0,26.455,0.829313,0.088600002,0.067199998,54.11220169,10.23250008,33.9284668,0.105674997,3062.477051,5
713,-154.9710765,19.65414897,Hawaii,38.81431769,14.21266494,25.6905447,11.84540929,6.058530793,9.387964358,71.35124234,6.7592935,4.553662006,16.56967291,0,0,0.0181568,0,0,0.2864392,0.513413,0,0,0.2611401,26.672,0.873044,0.180700004,0.0217,52.09069824,9.500599861,17.178767,0.163209,2344.354492,5
717,-154.926611,19.39411032,Hawaii,20.38495297,27.99582027,34.538349,9.7044932,4.731452467,18.57050911,14.75996806,4.137210428,0.482482999,25.07700543,18900.53516,0,0.068062,0,0,0.2864392,0.136115333,18.2019768,0,4.0988092,26.441,0.823085,0.068300001,0.154200003,52.61299896,9.192299843,14.71232033,0.241879001,0,5
720,-154.8954295,19.41163192,Hawaii,23.65967362,7.946815115,49.30545641,7.965843655,6.99300697,8.203566467,3.615438456,0.596257491,1.860148849,13.84732047,1075.180176,0,0.070833,0,0,0.2864392,0.1559951,18.2019768,0,4.4132891,26.393,0.825975,0.074900001,0.118600003,52.46580124,9.205800056,16.10015869,0.244227007,0,5
721,-154.8805539,19.42396688,Hawaii,23.33875287,12.09960815,54.37182626,3.825976921,4.330241743,19.6286488,6.127807688,8.793731546,4.742385609,17.57869525,3084.069336,0,0.068062,0,0,0.2864392,0.1670297,18.2019768,0,6.2772918,26.393,0.825975,0.074900001,0.118600003,52.46580124,9.205800056,14.85636806,0.247749999,0,5
792,-159.5621665,22.22649038,Kauai,21.09375,6.5625,37.03125,21.875,12.65625,11.66128729,6.703608971,0.289504934,1.922865211,14.02275399,16155.99609,3.229220775,0.005879125,0,1,0.0164428,0.129482275,0,2.369221,0.932027275,27.469,1.041636,0.136099994,0.051399998,53.63579941,10.06509972,81.43360901,0.081560001,0,5
797,-159.5584967,22.2280705,Kauai,22.8125,5,60.625,1.875,9.6875,16.67914548,16.78291574,8.394089166,6.057958938,11.88642499,25379.91016,1.02339975,0.00737525,0,1,0.0164428,0.1319179,5.2308035,2.369221,0.9297357,27.469,1.041636,0.218999997,0.065200001,53.18399811,10.1317997,47.81438828,0.119073004,0,5
820,-159.3282509,21.95939665,Kauai,16,13.6,29.6,20.8,18.8,22.9036883,5.993249624,13.69512523,2.238358887,19.16838829,169.7652893,0,0.2661107,0,0,0.0593215,0.509147,10.461607,0,0.8773064,26.878,0.989238,0.0854,0.079099998,54.39120102,9.760700226,15.1318779,0.210115999,0,5
881,-158.0660315,21.64698463,Oahu,9.865209665,13.19068248,61.25760354,2.682099915,12.55143433,14.06216845,11.90575432,4.347033169,4.297713261,15.54818281,36811.09392,54.60087795,0.014336982,0,1,0,0,0,0,0,26.878,0.927989,0.172000006,0.0198,53.11500168,9.550200462,65.66197122,0.076922999,0,5
888,-158.0637647,21.65235857,Oahu,11.6020206,12.1386209,61.5503996,2.621822818,11.72399505,22.96567663,13.74564793,13.7894306,1.795359708,17.08194783,41237.30134,6.6067716,0.018937036,0,1,0,0,0,0,0,26.727,0.901803,0.172000006,0.0198,53.11500168,9.550200462,68.0821664,0.075643928,0,5
950,-157.805403,21.5088865,Oahu,32.77027026,4.391891904,44.59459455,8.445945956,6.418918925,0.808493036,17.73388127,0.283263598,3.92197091,13.15917079,0,0,0,0,0,1.25254,1.0873541,0,0,0,26.628,0.949586,0.094700001,0.1087,53.81399918,9.680700302,19.838116,0.159115,0,5
1013,-157.693765,21.27013909,Oahu,31.33333333,6.088888889,31.73333333,1.422222222,28.66666667,19.32399806,14.12597075,2.349461343,4.484221094,22.7181034,622.4727274,0,0.008422756,0,1,0,0,0,0,0,27.135,1.000603,0.090899996,0.138300002,54.7961998,9.286000252,12.25632,0.234983996,0,5